date,temperature_avg,humidity_avg,wind_speed_max
2020-01-01,2.2,60,28.2
2020-01-02,2.4,71,17.3
2020-01-03,6.5,88,12.4
2020-01-04,7.7,97,24.9
2020-01-05,2.7,61,37.1
2020-01-06,2.8,66,25.9
2020-01-07,2.5,64,18.9
2020-01-08,0.9,65,33.1
2020-01-09,-2.2,49,23.2
2020-01-10,4.9,80,24.8
2020-01-11,13.8,78,34.2
2020-01-12,14.7,70,45.6
2020-01-13,4.8,82,18.4
2020-01-14,4.1,91,15.3
2020-01-15,5.7,81,16.1
2020-01-16,5.6,69,38.8
2020-01-17,-3.1,43,34.9
2020-01-18,-3.2,57,24.2
2020-01-19,2.8,68,28.7
2020-01-20,-4.0,46,26.1
2020-01-21,-3.5,50,17.4
2020-01-22,-2.3,64,9.4
2020-01-23,-0.0,66,9.9
2020-01-24,2.8,67,12.7
2020-01-25,5.0,94,34.2
2020-01-26,3.9,76,22.7
2020-01-27,3.2,69,22.3
2020-01-28,2.9,62,22.4
2020-01-29,0.6,59,19.0
2020-01-30,-2.0,68,16.3
2020-01-31,2.1,82,11.9
2020-02-01,2.5,94,6.6
2020-02-02,2.7,84,20.3
2020-02-03,5.7,76,18.5
2020-02-04,7.0,91,17.6
2020-02-05,4.9,70,21.3
2020-02-06,4.3,93,19.1
2020-02-07,5.0,81,46.6
2020-02-08,0.9,53,26.2
2020-02-09,1.3,81,13.2
2020-02-10,5.5,87,25.5
2020-02-11,6.2,97,16.3
2020-02-12,4.3,62,23.3
2020-02-13,4.2,92,21.4
2020-02-14,-1.1,51,27.2
2020-02-15,-5.6,53,20.9
2020-02-16,1.5,67,16.8
2020-02-17,3.6,68,15.3
2020-02-18,4.4,84,17.7
2020-02-19,4.8,60,24.7
2020-02-20,-0.4,53,19.4
2020-02-21,-2.7,46,19.4
2020-02-22,1.7,46,22.0
2020-02-23,4.2,48,18.2
2020-02-24,5.3,64,14.8
2020-02-25,7.3,84,11.8
2020-02-26,7.2,91,20.9
2020-02-27,4.3,64,39.9
2020-02-28,0.5,44,34.8
2020-02-29,-1.2,45,30.5
2020-03-01,-0.1,52,22.7
2020-03-02,6.3,64,29.2
2020-03-03,9.4,87,25.5
2020-03-04,8.7,56,34.3
2020-03-05,5.3,62,19.7
2020-03-06,4.0,87,21.4
2020-03-07,3.8,56,28.0
2020-03-08,5.4,47,21.3
2020-03-09,11.3,45,21.4
2020-03-10,12.4,67,28.0
2020-03-11,8.3,66,26.4
2020-03-12,5.8,81,18.4
2020-03-13,12.5,71,35.3
2020-03-14,8.3,44,22.7
2020-03-15,6.8,52,13.6
2020-03-16,2.9,57,22.3
2020-03-17,6.9,82,19.1
2020-03-18,6.2,66,18.7
2020-03-19,8.2,84,20.9
2020-03-20,14.6,79,36.7
2020-03-21,8.4,46,26.4
2020-03-22,2.5,52,21.9
2020-03-23,2.9,86,27.6
2020-03-24,6.5,70,21.2
2020-03-25,5.2,77,26.7
2020-03-26,6.6,74,21.3
2020-03-27,12.0,61,16.7
2020-03-28,7.8,78,17.6
2020-03-29,8.6,93,23.7
2020-03-30,7.6,88,13.8
2020-03-31,5.9,81,17.4
2020-04-01,6.9,60,19.1
2020-04-02,8.3,50,34.5
2020-04-03,8.3,77,29.8
2020-04-04,9.5,76,19.7
2020-04-05,10.1,83,17.6
2020-04-06,11.8,62,17.4
2020-04-07,11.6,52,22.4
2020-04-08,12.9,77,18.2
2020-04-09,9.9,75,33.6
2020-04-10,6.3,52,39.1
2020-04-11,6.8,44,28.7
2020-04-12,9.5,66,28.8
2020-04-13,14.9,85,50.9
2020-04-14,10.2,51,23.6
2020-04-15,7.4,53,25.2
2020-04-16,6.2,45,27.9
2020-04-17,4.9,60,21.1
2020-04-18,6.3,80,26.1
2020-04-19,8.7,56,31.6
2020-04-20,9.3,59,21.5
2020-04-21,8.9,72,27.8
2020-04-22,5.1,42,31.7
2020-04-23,5.5,56,15.1
2020-04-24,7.2,92,25.7
2020-04-25,9.3,73,18.1
2020-04-26,7.9,85,36.7
2020-04-27,6.2,79,27.0
2020-04-28,9.4,67,22.4
2020-04-29,8.8,82,25.8
2020-04-30,12.7,89,43.5
2020-05-01,14.0,87,21.1
2020-05-02,15.2,55,26.7
2020-05-03,17.7,64,19.0
2020-05-04,15.1,59,31.6
2020-05-05,10.6,50,21.4
2020-05-06,8.7,77,19.3
2020-05-07,11.7,56,23.1
2020-05-08,8.6,70,13.8
2020-05-09,4.7,51,36.7
2020-05-10,9.4,50,30.5
2020-05-11,10.3,71,25.6
2020-05-12,9.3,50,30.5
2020-05-13,9.4,49,25.1
2020-05-14,11.6,61,18.7
2020-05-15,20.3,70,23.5
2020-05-16,19.2,66,23.1
2020-05-17,13.4,74,18.4
2020-05-18,14.9,69,20.2
2020-05-19,14.2,54,32.0
2020-05-20,12.3,56,20.9
2020-05-21,11.5,77,16.7
2020-05-22,16.4,81,19.4
2020-05-23,16.2,93,27.9
2020-05-24,13.9,68,19.1
2020-05-25,15.3,85,12.2
2020-05-26,16.8,90,15.3
2020-05-27,17.5,92,19.7
2020-05-28,18.9,93,27.4
2020-05-29,22.2,88,20.3
2020-05-30,22.3,66,19.4
2020-05-31,16.4,48,29.7
2020-06-01,14.8,54,22.6
2020-06-02,17.6,58,23.4
2020-06-03,21.3,75,21.7
2020-06-04,22.8,73,21.8
2020-06-05,21.7,90,16.6
2020-06-06,24.2,73,23.7
2020-06-07,20.0,55,28.0
2020-06-08,19.3,58,16.6
2020-06-09,22.9,61,18.0
2020-06-10,23.0,77,26.9
2020-06-11,24.0,84,26.2
2020-06-12,23.7,60,19.3
2020-06-13,18.9,51,23.6
2020-06-14,16.8,60,21.0
2020-06-15,17.9,71,18.4
2020-06-16,18.6,69,21.8
2020-06-17,18.9,77,18.5
2020-06-18,19.9,89,15.7
2020-06-19,21.4,86,17.5
2020-06-20,22.8,84,18.2
2020-06-21,23.5,82,18.7
2020-06-22,25.3,76,21.6
2020-06-23,24.3,78,25.4
2020-06-24,25.6,63,23.7
2020-06-25,23.5,59,23.3
2020-06-26,24.2,59,14.6
2020-06-27,23.3,75,24.3
2020-06-28,24.2,81,17.3
2020-06-29,24.2,73,18.7
2020-06-30,22.2,77,14.0
2020-07-01,22.7,82,11.6
2020-07-02,25.4,72,13.7
2020-07-03,26.3,70,12.3
2020-07-04,23.7,80,18.2
2020-07-05,26.0,72,22.3
2020-07-06,26.1,67,18.2
2020-07-07,24.0,84,21.9
2020-07-08,25.1,86,20.2
2020-07-09,25.4,83,20.6
2020-07-10,23.3,95,38.5
2020-07-11,25.0,86,32.2
2020-07-12,25.8,64,21.4
2020-07-13,25.8,65,17.9
2020-07-14,24.5,65,15.0
2020-07-15,23.0,79,18.5
2020-07-16,22.0,73,22.5
2020-07-17,24.1,80,16.1
2020-07-18,26.2,71,17.6
2020-07-19,27.5,70,29.4
2020-07-20,29.8,63,20.2
2020-07-21,26.9,64,21.5
2020-07-22,27.4,78,21.4
2020-07-23,25.9,85,18.9
2020-07-24,24.1,87,19.2
2020-07-25,25.6,81,15.0
2020-07-26,28.1,64,22.4
2020-07-27,28.9,53,19.8
2020-07-28,29.0,64,20.1
2020-07-29,27.1,71,18.4
2020-07-30,27.9,62,12.9
2020-07-31,24.5,81,10.6
2020-08-01,25.2,72,20.5
2020-08-02,26.4,84,20.5
2020-08-03,27.1,67,20.8
2020-08-04,24.5,85,60.4
2020-08-05,25.7,69,19.5
2020-08-06,22.2,78,13.8
2020-08-07,23.7,77,13.9
2020-08-08,23.4,87,13.5
2020-08-09,24.9,83,19.2
2020-08-10,26.8,79,18.1
2020-08-11,26.6,83,22.2
2020-08-12,26.8,84,11.6
2020-08-13,24.4,85,13.4
2020-08-14,25.5,74,18.3
2020-08-15,23.7,71,17.4
2020-08-16,20.2,87,26.1
2020-08-17,20.9,82,23.3
2020-08-18,23.3,73,13.1
2020-08-19,21.2,84,11.5
2020-08-20,21.0,72,13.5
2020-08-21,23.3,73,19.4
2020-08-22,25.2,77,16.7
2020-08-23,24.4,84,16.3
2020-08-24,25.9,80,15.6
2020-08-25,26.5,71,29.1
2020-08-26,22.4,53,24.1
2020-08-27,25.1,68,28.3
2020-08-28,24.6,76,25.4
2020-08-29,23.8,92,21.3
2020-08-30,21.6,62,25.6
2020-08-31,19.9,71,14.5
2020-09-01,22.0,80,18.8
2020-09-02,22.8,91,16.3
2020-09-03,24.9,79,24.0
2020-09-04,24.1,74,16.5
2020-09-05,20.9,64,18.9
2020-09-06,21.5,67,20.3
2020-09-07,21.2,79,25.3
2020-09-08,21.8,84,16.9
2020-09-09,22.5,88,12.1
2020-09-10,24.1,92,14.5
2020-09-11,21.9,76,21.3
2020-09-12,18.1,72,18.6
2020-09-13,20.2,80,21.3
2020-09-14,20.8,65,22.2
2020-09-15,15.1,63,18.6
2020-09-16,17.1,75,22.2
2020-09-17,19.2,84,14.7
2020-09-18,17.3,68,25.6
2020-09-19,13.0,49,28.6
2020-09-20,12.7,54,20.0
2020-09-21,12.9,62,17.3
2020-09-22,14.9,56,20.6
2020-09-23,18.5,58,24.2
2020-09-24,18.6,71,16.1
2020-09-25,18.6,82,13.6
2020-09-26,18.9,87,18.1
2020-09-27,21.0,89,17.8
2020-09-28,21.3,88,21.9
2020-09-29,20.7,92,23.0
2020-09-30,18.9,74,29.9
2020-10-01,17.8,64,17.8
2020-10-02,15.1,75,16.9
2020-10-03,13.8,66,12.7
2020-10-04,14.1,73,13.1
2020-10-05,15.2,78,13.5
2020-10-06,16.2,74,18.4
2020-10-07,17.9,65,30.6
2020-10-08,14.3,55,29.1
2020-10-09,14.2,64,20.7
2020-10-10,18.2,70,25.0
2020-10-11,17.3,75,22.0
2020-10-12,12.4,92,26.7
2020-10-13,13.9,91,27.4
2020-10-14,14.4,69,17.3
2020-10-15,16.3,79,27.3
2020-10-16,14.0,90,23.7
2020-10-17,10.8,70,18.1
2020-10-18,12.1,72,24.6
2020-10-19,14.3,83,17.3
2020-10-20,16.5,91,11.3
2020-10-21,16.7,97,13.3
2020-10-22,18.2,95,10.5
2020-10-23,17.6,95,14.6
2020-10-24,16.5,79,21.5
2020-10-25,9.2,67,18.0
2020-10-26,13.6,89,21.3
2020-10-27,14.0,80,14.8
2020-10-28,13.1,83,13.0
2020-10-29,10.8,92,32.4
2020-10-30,5.5,88,33.3
2020-10-31,4.2,69,16.5
2020-11-01,9.3,80,30.7
2020-11-02,4.9,55,42.5
2020-11-03,7.8,54,27.4
2020-11-04,9.6,70,18.9
2020-11-05,12.2,77,19.8
2020-11-06,13.8,78,15.8
2020-11-07,14.2,70,10.6
2020-11-08,13.5,76,11.0
2020-11-09,13.3,81,10.6
2020-11-10,15.6,88,14.6
2020-11-11,17.9,94,19.7
2020-11-12,13.2,89,23.8
2020-11-13,8.8,91,16.3
2020-11-14,7.4,69,19.0
2020-11-15,9.7,76,47.0
2020-11-16,8.8,55,25.9
2020-11-17,5.1,63,23.2
2020-11-18,0.7,51,26.3
2020-11-19,2.5,63,22.4
2020-11-20,9.2,65,19.9
2020-11-21,10.9,63,17.3
2020-11-22,8.2,74,25.8
2020-11-23,10.2,74,31.5
2020-11-24,5.3,66,18.6
2020-11-25,7.8,76,18.0
2020-11-26,12.9,88,19.6
2020-11-27,10.4,77,14.4
2020-11-28,8.5,69,18.3
2020-11-29,5.9,70,12.8
2020-11-30,12.2,89,51.9
2020-12-01,9.3,78,29.6
2020-12-02,3.8,62,31.4
2020-12-03,4.6,60,20.0
2020-12-04,7.1,75,21.1
2020-12-05,5.8,83,34.4
2020-12-06,2.4,56,31.0
2020-12-07,0.8,66,15.7
2020-12-08,0.4,62,22.6
2020-12-09,0.8,72,21.1
2020-12-10,4.2,74,20.1
2020-12-11,4.5,83,13.1
2020-12-12,7.8,95,13.0
2020-12-13,9.7,81,20.6
2020-12-14,3.3,85,19.9
2020-12-15,0.8,57,19.0
2020-12-16,-1.9,66,33.8
2020-12-17,-2.5,82,43.2
2020-12-18,-4.9,77,17.9
2020-12-19,-6.3,80,14.5
2020-12-20,-1.1,87,9.4
2020-12-21,1.0,94,12.4
2020-12-22,2.0,82,21.3
2020-12-23,1.2,79,14.8
2020-12-24,10.3,84,45.7
2020-12-25,9.2,85,57.5
2020-12-26,-2.8,55,27.1
2020-12-27,-1.6,65,16.9
2020-12-28,4.4,77,18.8
2020-12-29,1.3,56,27.8
2020-12-30,0.3,65,21.9
2020-12-31,5.8,75,29.8
2021-01-01,0.9,79,17.1
2021-01-02,5.4,81,31.2
2021-01-03,1.5,89,24.5
2021-01-04,2.8,84,18.1
2021-01-05,2.5,77,12.2
2021-01-06,1.7,69,23.1
2021-01-07,1.1,60,18.0
2021-01-08,-0.2,64,21.6
2021-01-09,-0.8,52,28.8
2021-01-10,0.1,65,17.2
2021-01-11,-1.6,76,10.2
2021-01-12,0.4,74,11.6
2021-01-13,0.6,76,16.4
2021-01-14,3.1,80,10.5
2021-01-15,3.5,89,28.1
2021-01-16,5.6,84,37.6
2021-01-17,3.4,60,32.0
2021-01-18,3.0,69,23.8
2021-01-19,1.4,66,27.7
2021-01-20,0.0,61,30.5
2021-01-21,-0.5,63,21.4
2021-01-22,2.5,61,27.4
2021-01-23,-2.3,49,35.4
2021-01-24,-3.1,44,27.2
2021-01-25,-1.4,54,12.5
2021-01-26,-0.1,73,18.3
2021-01-27,1.2,73,23.9
2021-01-28,-2.7,54,34.2
2021-01-29,-6.8,44,38.5
2021-01-30,-5.2,45,21.9
2021-01-31,-5.3,58,21.4
2021-02-01,-1.7,88,45.7
2021-02-02,-0.1,83,40.9
2021-02-03,-0.5,75,21.0
2021-02-04,-0.9,73,19.8
2021-02-05,1.4,82,20.1
2021-02-06,-0.4,70,28.3
2021-02-07,-1.7,85,23.7
2021-02-08,-7.1,67,21.9
2021-02-09,-4.1,84,17.5
2021-02-10,-4.0,72,12.3
2021-02-11,-2.9,78,15.9
2021-02-12,-6.1,68,14.5
2021-02-13,-4.6,69,18.8
2021-02-14,-0.8,80,15.5
2021-02-15,-0.8,83,18.3
2021-02-16,4.7,84,26.1
2021-02-17,-4.2,61,22.7
2021-02-18,-3.8,79,20.8
2021-02-19,-1.7,90,18.0
2021-02-20,-2.1,73,18.8
2021-02-21,-4.5,70,15.3
2021-02-22,-1.2,86,24.2
2021-02-23,2.3,77,21.7
2021-02-24,4.5,71,23.2
2021-02-25,4.9,56,26.3
2021-02-26,1.3,63,16.0
2021-02-27,6.0,88,19.6
2021-02-28,4.4,83,19.3
2021-03-01,5.6,79,38.8
2021-03-02,-3.2,44,34.7
2021-03-03,3.1,52,21.7
2021-03-04,2.1,57,33.6
2021-03-05,-2.2,43,30.3
2021-03-06,-1.3,53,24.7
2021-03-07,-0.9,54,16.6
2021-03-08,-0.6,51,14.6
2021-03-09,7.7,50,22.7
2021-03-10,4.6,77,20.2
2021-03-11,10.9,70,18.0
2021-03-12,13.7,52,26.1
2021-03-13,4.6,38,30.9
2021-03-14,4.8,40,40.5
2021-03-15,-1.5,35,33.6
2021-03-16,-0.5,55,15.3
2021-03-17,4.0,80,13.4
2021-03-18,5.9,95,28.0
2021-03-19,1.9,46,35.6
2021-03-20,3.6,57,14.8
2021-03-21,5.8,65,13.3
2021-03-22,6.2,74,14.7
2021-03-23,7.8,85,13.2
2021-03-24,9.2,92,18.1
2021-03-25,12.1,93,17.4
2021-03-26,16.4,74,41.1
2021-03-27,11.8,64,23.2
2021-03-28,12.0,89,31.6
2021-03-29,8.2,48,36.5
2021-03-30,7.6,68,29.4
2021-03-31,12.0,84,28.3
2021-04-01,7.6,68,29.9
2021-04-02,1.0,45,27.0
2021-04-03,4.0,45,17.1
2021-04-04,9.5,49,19.1
2021-04-05,11.7,42,27.7
2021-04-06,11.2,42,22.4
2021-04-07,12.0,57,16.4
2021-04-08,11.6,69,18.6
2021-04-09,8.8,88,15.6
2021-04-10,12.1,87,14.8
2021-04-11,12.0,98,23.6
2021-04-12,8.0,88,22.8
2021-04-13,10.9,72,13.8
2021-04-14,12.8,76,20.6
2021-04-15,10.9,94,18.8
2021-04-16,7.8,74,25.5
2021-04-17,8.6,71,18.9
2021-04-18,10.6,66,14.2
2021-04-19,11.4,73,16.2
2021-04-20,14.3,62,26.8
2021-04-21,11.9,61,31.1
2021-04-22,4.9,45,34.7
2021-04-23,9.1,45,30.1
2021-04-24,13.0,50,29.0
2021-04-25,12.0,73,19.7
2021-04-26,9.2,47,28.4
2021-04-27,9.8,54,16.4
2021-04-28,16.7,72,17.6
2021-04-29,17.9,82,27.2
2021-04-30,15.9,57,40.0
2021-05-01,10.9,48,33.0
2021-05-02,18.3,48,24.1
2021-05-03,14.3,77,14.7
2021-05-04,14.9,86,22.8
2021-05-05,12.6,92,22.7
2021-05-06,13.0,56,23.6
2021-05-07,12.0,60,16.8
2021-05-08,10.0,78,20.1
2021-05-09,10.4,75,20.4
2021-05-10,11.3,75,20.3
2021-05-11,12.3,56,27.0
2021-05-12,11.9,54,20.3
2021-05-13,13.8,49,16.6
2021-05-14,15.4,53,15.8
2021-05-15,16.5,53,13.3
2021-05-16,16.5,55,22.3
2021-05-17,16.7,61,19.0
2021-05-18,19.4,51,14.8
2021-05-19,21.0,54,19.1
2021-05-20,16.7,63,20.2
2021-05-21,17.6,65,19.7
2021-05-22,24.1,54,21.4
2021-05-23,25.2,59,28.1
2021-05-24,16.1,57,22.7
2021-05-25,17.5,64,26.0
2021-05-26,23.2,72,25.3
2021-05-27,22.9,60,21.4
2021-05-28,15.0,65,26.8
2021-05-29,9.9,87,32.4
2021-05-30,10.0,90,30.3
2021-05-31,14.1,74,21.4
2021-06-01,16.9,73,18.4
2021-06-02,17.4,77,17.0
2021-06-03,17.8,92,13.0
2021-06-04,20.9,86,17.1
2021-06-05,24.2,71,21.3
2021-06-06,25.8,66,16.3
2021-06-07,25.4,77,17.0
2021-06-08,25.3,86,16.3
2021-06-09,25.7,82,11.6
2021-06-10,22.6,65,23.7
2021-06-11,17.8,71,14.9
2021-06-12,18.6,80,15.2
2021-06-13,18.8,78,19.1
2021-06-14,19.2,85,22.4
2021-06-15,21.0,74,17.9
2021-06-16,19.6,58,20.5
2021-06-17,18.7,55,13.6
2021-06-18,20.9,58,20.5
2021-06-19,24.3,67,22.9
2021-06-20,23.1,79,21.6
2021-06-21,24.8,83,27.3
2021-06-22,20.7,85,24.3
2021-06-23,18.0,59,17.3
2021-06-24,18.5,67,20.8
2021-06-25,19.6,78,22.8
2021-06-26,22.8,87,25.3
2021-06-27,25.7,80,19.6
2021-06-28,27.6,72,23.1
2021-06-29,28.6,71,23.1
2021-06-30,29.9,64,19.0
2021-07-01,25.0,81,13.6
2021-07-02,22.1,89,10.2
2021-07-03,17.8,89,27.1
2021-07-04,20.4,77,12.0
2021-07-05,22.8,82,22.5
2021-07-06,26.5,73,29.8
2021-07-07,26.8,79,19.5
2021-07-08,24.7,87,23.9
2021-07-09,24.8,83,33.6
2021-07-10,23.3,84,15.5
2021-07-11,22.6,89,17.3
2021-07-12,24.9,91,13.1
2021-07-13,23.0,90,13.8
2021-07-14,25.0,85,14.9
2021-07-15,25.8,81,15.0
2021-07-16,27.8,74,13.1
2021-07-17,26.9,83,22.3
2021-07-18,25.3,79,20.4
2021-07-19,24.1,74,13.2
2021-07-20,25.7,75,17.4
2021-07-21,24.1,78,14.9
2021-07-22,22.5,67,15.6
2021-07-23,22.5,62,12.4
2021-07-24,22.8,71,17.2
2021-07-25,24.4,77,20.7
2021-07-26,26.2,70,13.5
2021-07-27,25.1,68,24.2
2021-07-28,23.4,74,17.7
2021-07-29,22.5,88,27.2
2021-07-30,23.3,68,25.2
2021-07-31,19.9,62,22.3
2021-08-01,21.4,72,21.7
2021-08-02,21.6,69,19.7
2021-08-03,20.5,66,11.3
2021-08-04,21.1,74,14.0
2021-08-05,21.7,78,14.2
2021-08-06,23.8,70,21.7
2021-08-07,24.7,66,26.5
2021-08-08,21.0,82,20.4
2021-08-09,23.0,84,18.7
2021-08-10,24.1,89,18.2
2021-08-11,26.7,83,22.1
2021-08-12,28.4,72,21.2
2021-08-13,28.5,71,20.0
2021-08-14,27.3,72,18.5
2021-08-15,23.7,59,18.2
2021-08-16,23.0,73,18.0
2021-08-17,23.8,77,21.8
2021-08-18,24.4,89,26.2
2021-08-19,26.5,79,25.7
2021-08-20,24.6,80,12.0
2021-08-21,24.7,87,15.6
2021-08-22,23.1,96,19.5
2021-08-23,24.6,86,28.8
2021-08-24,26.0,76,14.2
2021-08-25,25.9,75,10.0
2021-08-26,26.9,80,16.2
2021-08-27,27.3,80,10.0
2021-08-28,23.0,84,24.8
2021-08-29,21.9,84,13.8
2021-08-30,24.7,88,16.1
2021-08-31,24.7,77,16.8
2021-09-01,21.5,91,45.2
2021-09-02,19.5,68,41.9
2021-09-03,18.3,69,15.3
2021-09-04,19.7,74,15.9
2021-09-05,20.9,84,15.5
2021-09-06,22.6,75,20.2
2021-09-07,20.8,72,13.3
2021-09-08,23.3,77,26.3
2021-09-09,21.2,93,18.5
2021-09-10,19.6,67,25.3
2021-09-11,19.2,67,16.5
2021-09-12,23.0,69,25.2
2021-09-13,25.0,71,21.3
2021-09-14,22.1,82,18.8
2021-09-15,24.8,78,23.1
2021-09-16,21.6,85,20.9
2021-09-17,21.8,90,20.5
2021-09-18,23.1,83,15.3
2021-09-19,20.5,69,18.8
2021-09-20,18.8,79,17.1
2021-09-21,20.2,79,16.0
2021-09-22,22.7,90,30.1
2021-09-23,23.1,84,40.9
2021-09-24,18.7,71,15.5
2021-09-25,18.3,74,7.7
2021-09-26,18.2,62,24.3
2021-09-27,19.9,58,25.5
2021-09-28,19.7,76,19.4
2021-09-29,15.8,62,22.2
2021-09-30,15.5,65,20.7
2021-10-01,14.4,68,12.6
2021-10-02,16.6,73,17.7
2021-10-03,19.0,79,13.6
2021-10-04,19.4,94,19.2
2021-10-05,17.1,86,15.9
2021-10-06,17.9,85,6.9
2021-10-07,18.7,87,11.0
2021-10-08,18.6,86,12.6
2021-10-09,17.6,80,22.3
2021-10-10,17.5,86,28.1
2021-10-11,18.3,82,27.8
2021-10-12,17.7,87,12.8
2021-10-13,18.1,90,12.9
2021-10-14,19.4,79,16.8
2021-10-15,19.7,79,18.5
2021-10-16,20.2,80,27.9
2021-10-17,14.0,66,24.5
2021-10-18,12.1,59,33.5
2021-10-19,13.5,58,24.9
2021-10-20,18.0,56,21.1
2021-10-21,17.2,72,17.8
2021-10-22,17.5,67,17.9
2021-10-23,13.0,68,14.9
2021-10-24,12.0,73,13.0
2021-10-25,18.5,86,20.1
2021-10-26,15.8,90,31.3
2021-10-27,14.0,73,36.5
2021-10-28,11.6,74,20.2
2021-10-29,11.6,75,38.0
2021-10-30,15.6,86,40.9
2021-10-31,14.7,81,22.1
2021-11-01,11.8,67,21.9
2021-11-02,9.4,69,14.6
2021-11-03,7.0,69,17.1
2021-11-04,6.5,66,10.3
2021-11-05,6.5,70,15.5
2021-11-06,6.9,71,9.5
2021-11-07,7.0,75,11.2
2021-11-08,10.8,65,19.2
2021-11-09,11.7,77,10.1
2021-11-10,12.6,68,22.5
2021-11-11,10.1,76,25.1
2021-11-12,15.2,82,40.7
2021-11-13,9.2,77,37.8
2021-11-14,6.1,66,20.7
2021-11-15,5.6,75,31.0
2021-11-16,5.3,62,21.3
2021-11-17,7.4,79,21.6
2021-11-18,13.5,80,24.0
2021-11-19,6.9,57,29.8
2021-11-20,4.3,71,15.5
2021-11-21,8.3,80,20.5
2021-11-22,8.5,73,23.5
2021-11-23,2.3,52,28.6
2021-11-24,2.3,59,18.2
2021-11-25,6.0,67,11.8
2021-11-26,5.9,73,29.7
2021-11-27,2.2,53,30.4
2021-11-28,2.2,77,10.9
2021-11-29,3.0,68,21.6
2021-11-30,1.3,74,19.0
2021-12-01,4.4,70,16.6
2021-12-02,10.1,78,28.1
2021-12-03,5.6,57,27.7
2021-12-04,4.4,68,13.7
2021-12-05,4.4,64,15.2
2021-12-06,12.3,83,36.0
2021-12-07,3.6,53,28.3
2021-12-08,2.7,75,14.7
2021-12-09,1.3,63,19.7
2021-12-10,5.3,70,10.7
2021-12-11,12.1,89,35.7
2021-12-12,6.8,48,34.2
2021-12-13,5.6,51,20.1
2021-12-14,6.0,56,18.9
2021-12-15,6.1,78,22.9
2021-12-16,11.8,76,24.1
2021-12-17,11.6,54,22.0
2021-12-18,5.6,80,12.7
2021-12-19,3.8,67,27.6
2021-12-20,-1.2,62,17.9
2021-12-21,1.4,75,13.8
2021-12-22,4.3,70,26.7
2021-12-23,0.1,55,19.6
2021-12-24,1.5,82,14.8
2021-12-25,5.5,95,14.4
2021-12-26,6.4,73,23.5
2021-12-27,1.2,75,13.7
2021-12-28,5.2,84,13.0
2021-12-29,5.5,91,12.4
2021-12-30,6.5,96,11.2
2021-12-31,8.6,96,15.1
2022-01-01,9.6,99,12.9
2022-01-02,9.6,88,26.6
2022-01-03,-1.2,51,30.9
2022-01-04,-3.1,52,21.4
2022-01-05,2.1,86,23.0
2022-01-06,1.9,63,19.8
2022-01-07,-1.7,73,25.5
2022-01-08,-5.8,72,20.8
2022-01-09,0.4,85,24.0
2022-01-10,-1.4,55,26.3
2022-01-11,-7.0,40,28.0
2022-01-12,-2.0,55,22.0
2022-01-13,1.0,75,10.0
2022-01-14,1.6,74,36.4
2022-01-15,-8.0,37,22.9
2022-01-16,-6.6,56,30.0
2022-01-17,3.6,81,54.0
2022-01-18,-0.9,56,31.4
2022-01-19,1.8,70,24.8
2022-01-20,0.8,69,23.6
2022-01-21,-8.0,47,23.3
2022-01-22,-6.8,51,19.8
2022-01-23,-2.1,48,14.4
2022-01-24,-1.3,72,15.1
2022-01-25,1.6,67,17.1
2022-01-26,-5.2,49,21.6
2022-01-27,-5.2,52,18.7
2022-01-28,-1.1,70,19.6
2022-01-29,-8.4,71,43.9
2022-01-30,-10.3,64,29.0
2022-01-31,-10.7,72,13.4
2022-02-01,-7.3,77,12.4
2022-02-02,-1.2,93,11.1
2022-02-03,5.1,99,15.7
2022-02-04,4.1,93,29.0
2022-02-05,-4.1,54,27.8
2022-02-06,-5.4,57,16.8
2022-02-07,-0.0,88,14.4
2022-02-08,2.7,73,24.4
2022-02-09,0.2,68,17.6
2022-02-10,4.2,69,32.2
2022-02-11,4.5,64,27.2
2022-02-12,9.9,50,25.4
2022-02-13,0.2,73,19.4
2022-02-14,-6.9,51,27.6
2022-02-15,-5.2,44,13.5
2022-02-16,0.8,71,21.3
2022-02-17,11.3,73,33.4
2022-02-18,6.9,64,44.6
2022-02-19,-1.4,54,36.4
2022-02-20,-2.5,44,25.2
2022-02-21,2.8,69,19.8
2022-02-22,8.3,85,40.7
2022-02-23,13.4,73,29.7
2022-02-24,-0.2,47,23.5
2022-02-25,1.2,77,30.0
2022-02-26,-1.9,55,28.4
2022-02-27,1.6,53,33.2
2022-02-28,-1.2,48,23.0
2022-03-01,2.1,70,24.6
2022-03-02,5.5,67,17.4
2022-03-03,3.2,55,25.5
2022-03-04,-2.5,47,21.3
2022-03-05,1.2,65,20.1
2022-03-06,12.2,83,31.6
2022-03-07,17.5,72,38.8
2022-03-08,5.4,50,34.8
2022-03-09,2.2,88,19.1
2022-03-10,2.9,81,12.7
2022-03-11,4.6,76,22.0
2022-03-12,1.4,81,37.1
2022-03-13,-2.1,47,34.4
2022-03-14,5.4,58,21.7
2022-03-15,9.5,61,22.3
2022-03-16,9.6,74,19.8
2022-03-17,8.2,97,18.6
2022-03-18,11.9,89,16.9
2022-03-19,12.6,89,18.8
2022-03-20,11.1,67,28.8
2022-03-21,9.9,46,30.3
2022-03-22,8.5,41,24.3
2022-03-23,4.8,58,20.9
2022-03-24,7.2,92,26.4
2022-03-25,10.0,71,29.3
2022-03-26,8.0,63,20.5
2022-03-27,4.1,54,27.0
2022-03-28,-2.5,36,32.3
2022-03-29,-0.8,43,30.6
2022-03-30,1.5,56,18.0
2022-03-31,13.4,80,36.3
2022-04-01,10.9,69,34.6
2022-04-02,5.9,54,28.2
2022-04-03,5.9,79,22.7
2022-04-04,7.4,57,25.0
2022-04-05,6.7,75,17.2
2022-04-06,8.9,89,33.6
2022-04-07,8.7,92,38.6
2022-04-08,11.8,67,22.4
2022-04-09,9.3,71,22.1
2022-04-10,7.3,56,31.2
2022-04-11,7.6,61,19.4
2022-04-12,12.8,69,19.7
2022-04-13,13.4,74,18.6
2022-04-14,20.0,68,27.1
2022-04-15,13.8,44,27.3
2022-04-16,14.1,56,26.0
2022-04-17,7.3,56,31.0
2022-04-18,6.0,68,30.2
2022-04-19,8.0,65,42.5
2022-04-20,8.4,53,26.6
2022-04-21,9.4,75,34.2
2022-04-22,13.4,60,22.3
2022-04-23,10.3,63,14.2
2022-04-24,10.9,67,25.4
2022-04-25,10.2,63,22.4
2022-04-26,12.9,86,12.5
2022-04-27,10.0,56,31.8
2022-04-28,7.5,40,34.7
2022-04-29,9.3,34,28.4
2022-04-30,11.0,43,20.1
2022-05-01,11.7,63,17.9
2022-05-02,12.1,86,16.5
2022-05-03,11.6,82,22.7
2022-05-04,13.5,86,18.1
2022-05-05,15.9,69,17.6
2022-05-06,12.4,88,13.7
2022-05-07,8.7,88,33.0
2022-05-08,9.6,58,30.4
2022-05-09,12.2,45,24.4
2022-05-10,13.8,39,24.1
2022-05-11,14.6,57,23.3
2022-05-12,15.4,84,16.1
2022-05-13,16.4,93,14.1
2022-05-14,16.6,95,15.8
2022-05-15,18.0,90,21.0
2022-05-16,19.1,88,24.9
2022-05-17,17.8,58,32.5
2022-05-18,16.3,53,18.2
2022-05-19,15.6,81,13.3
2022-05-20,16.4,87,22.3
2022-05-21,23.1,81,20.8
2022-05-22,25.3,72,18.9
2022-05-23,19.2,54,22.6
2022-05-24,16.0,72,19.5
2022-05-25,14.6,69,19.1
2022-05-26,15.7,79,25.4
2022-05-27,19.7,89,23.6
2022-05-28,20.3,84,21.3
2022-05-29,19.3,72,17.6
2022-05-30,22.1,74,24.7
2022-05-31,27.1,61,17.1
2022-06-01,18.2,80,19.1
2022-06-02,20.7,85,13.7
2022-06-03,20.7,80,19.4
2022-06-04,20.0,66,23.1
2022-06-05,18.6,54,19.1
2022-06-06,19.9,58,23.5
2022-06-07,19.9,68,34.2
2022-06-08,22.9,74,22.3
2022-06-09,22.9,72,29.2
2022-06-10,20.5,59,23.6
2022-06-11,20.3,65,11.2
2022-06-12,19.1,87,24.5
2022-06-13,23.1,77,15.5
2022-06-14,22.5,57,23.7
2022-06-15,21.5,70,27.6
2022-06-16,20.0,78,30.0
2022-06-17,25.2,63,31.3
2022-06-18,19.2,53,31.9
2022-06-19,17.5,43,32.5
2022-06-20,19.7,48,18.9
2022-06-21,20.1,60,13.5
2022-06-22,18.6,84,25.5
2022-06-23,19.2,80,17.4
2022-06-24,20.8,79,21.3
2022-06-25,24.3,67,23.3
2022-06-26,24.8,65,32.4
2022-06-27,23.7,76,24.0
2022-06-28,22.4,55,16.0
2022-06-29,22.8,63,29.7
2022-06-30,24.2,60,23.0
2022-07-01,26.5,67,33.9
2022-07-02,25.8,76,20.9
2022-07-03,25.6,61,17.0
2022-07-04,24.1,45,19.1
2022-07-05,24.3,66,32.5
2022-07-06,26.7,66,21.4
2022-07-07,23.8,67,23.7
2022-07-08,23.6,78,17.0
2022-07-09,24.2,66,24.2
2022-07-10,22.7,58,23.2
2022-07-11,22.6,66,35.2
2022-07-12,26.3,63,36.2
2022-07-13,26.8,62,30.0
2022-07-14,26.3,60,20.8
2022-07-15,24.4,60,20.1
2022-07-16,23.5,82,17.7
2022-07-17,24.1,80,19.2
2022-07-18,25.2,84,24.7
2022-07-19,27.1,66,22.2
2022-07-20,28.2,63,20.7
2022-07-21,28.7,68,25.2
2022-07-22,27.5,63,28.9
2022-07-23,28.2,62,25.4
2022-07-24,29.9,53,29.2
2022-07-25,27.3,75,25.5
2022-07-26,24.7,59,21.1
2022-07-27,23.8,68,20.2
2022-07-28,26.0,80,25.1
2022-07-29,26.5,66,18.3
2022-07-30,26.4,57,22.0
2022-07-31,24.4,66,20.0
2022-08-01,23.4,77,22.3
2022-08-02,26.9,68,16.9
2022-08-03,25.6,67,22.2
2022-08-04,27.1,67,29.3
2022-08-05,28.0,65,14.0
2022-08-06,27.8,72,27.2
2022-08-07,28.3,72,27.4
2022-08-08,29.6,65,24.0
2022-08-09,30.1,68,19.6
2022-08-10,26.4,70,23.7
2022-08-11,26.4,67,13.5
2022-08-12,25.1,47,23.5
2022-08-13,22.1,49,22.2
2022-08-14,22.1,59,24.9
2022-08-15,22.6,62,17.0
2022-08-16,22.7,64,26.1
2022-08-17,22.5,62,19.6
2022-08-18,23.8,60,16.8
2022-08-19,24.5,57,28.0
2022-08-20,25.9,63,22.2
2022-08-21,24.0,78,22.2
2022-08-22,22.9,88,15.9
2022-08-23,24.1,77,15.6
2022-08-24,25.2,61,13.6
2022-08-25,25.4,60,20.5
2022-08-26,24.7,75,20.7
2022-08-27,25.0,71,13.7
2022-08-28,23.9,83,19.3
2022-08-29,24.6,83,25.5
2022-08-30,25.3,82,29.7
2022-08-31,24.3,63,22.9
2022-09-01,24.2,47,19.5
2022-09-02,20.4,64,15.6
2022-09-03,21.9,74,18.4
2022-09-04,24.3,76,12.6
2022-09-05,24.3,81,20.0
2022-09-06,21.4,93,22.5
2022-09-07,20.4,83,22.3
2022-09-08,20.7,76,17.1
2022-09-09,20.6,73,11.6
2022-09-10,21.3,73,14.7
2022-09-11,20.9,83,13.4
2022-09-12,23.1,85,15.6
2022-09-13,22.7,83,18.0
2022-09-14,20.8,67,19.7
2022-09-15,19.1,63,18.9
2022-09-16,17.8,64,12.2
2022-09-17,19.5,73,17.4
2022-09-18,22.6,70,20.7
2022-09-19,23.3,69,23.9
2022-09-20,21.5,72,19.6
2022-09-21,20.5,74,20.5
2022-09-22,19.8,73,26.9
2022-09-23,13.3,55,32.5
2022-09-24,14.3,59,19.1
2022-09-25,17.2,73,22.7
2022-09-26,18.2,67,26.1
2022-09-27,16.9,57,21.5
2022-09-28,15.8,61,19.0
2022-09-29,15.2,63,20.9
2022-09-30,13.8,68,17.4
2022-10-01,14.4,84,32.3
2022-10-02,13.0,69,32.1
2022-10-03,10.3,71,30.3
2022-10-04,10.6,91,31.9
2022-10-05,13.9,90,28.7
2022-10-06,15.9,77,12.1
2022-10-07,17.3,74,17.0
2022-10-08,11.7,61,21.1
2022-10-09,10.8,66,19.6
2022-10-10,13.1,65,18.3
2022-10-11,13.3,75,15.0
2022-10-12,14.2,74,25.5
2022-10-13,17.3,88,28.2
2022-10-14,14.0,74,24.1
2022-10-15,13.5,73,25.3
2022-10-16,13.0,74,13.7
2022-10-17,14.7,79,18.0
2022-10-18,10.7,59,17.9
2022-10-19,8.3,62,27.0
2022-10-20,9.6,61,26.4
2022-10-21,10.6,66,11.5
2022-10-22,11.6,76,11.7
2022-10-23,12.8,83,20.8
2022-10-24,14.1,94,20.8
2022-10-25,17.6,97,12.9
2022-10-26,18.2,92,16.2
2022-10-27,14.3,64,25.6
2022-10-28,9.5,63,20.0
2022-10-29,9.2,74,11.5
2022-10-30,9.6,75,11.2
2022-10-31,13.4,85,13.3
2022-11-01,15.6,90,15.6
2022-11-02,14.8,77,16.3
2022-11-03,12.3,82,11.8
2022-11-04,13.8,90,13.3
2022-11-05,18.2,84,27.3
2022-11-06,20.0,80,22.3
2022-11-07,19.6,64,25.7
2022-11-08,10.5,48,23.5
2022-11-09,7.3,64,19.5
2022-11-10,11.2,84,13.2
2022-11-11,15.9,92,33.5
2022-11-12,18.6,78,33.1
2022-11-13,10.5,69,27.2
2022-11-14,4.8,56,19.3
2022-11-15,4.3,74,23.5
2022-11-16,7.4,78,28.0
2022-11-17,4.5,60,31.2
2022-11-18,3.3,58,31.1
2022-11-19,1.5,56,19.7
2022-11-20,0.5,52,34.0
2022-11-21,0.3,53,22.5
2022-11-22,4.6,60,20.6
2022-11-23,5.8,60,13.0
2022-11-24,5.3,82,13.0
2022-11-25,7.6,82,25.9
2022-11-26,7.5,60,19.7
2022-11-27,9.0,78,27.2
2022-11-28,9.6,70,27.8
2022-11-29,3.2,75,14.0
2022-11-30,8.2,85,37.4
2022-12-01,3.1,51,28.7
2022-12-02,1.5,72,10.9
2022-12-03,9.9,82,33.3
2022-12-04,4.0,61,23.2
2022-12-05,1.9,75,11.7
2022-12-06,8.3,93,22.6
2022-12-07,12.7,96,22.8
2022-12-08,9.0,74,20.4
2022-12-09,3.4,63,20.6
2022-12-10,1.4,63,18.5
2022-12-11,2.8,85,17.7
2022-12-12,1.1,80,22.1
2022-12-13,-0.9,68,14.8
2022-12-14,0.4,61,19.5
2022-12-15,2.0,85,30.1
2022-12-16,4.8,93,34.9
2022-12-17,3.8,68,24.8
2022-12-18,0.7,65,22.3
2022-12-19,0.3,59,23.4
2022-12-20,0.2,65,19.2
2022-12-21,-0.8,74,9.3
2022-12-22,2.7,90,30.4
2022-12-23,3.3,79,46.0
2022-12-24,-10.8,36,35.7
2022-12-25,-6.4,44,25.2
2022-12-26,-4.7,45,19.5
2022-12-27,-1.6,57,14.9
2022-12-28,0.6,70,19.2
2022-12-29,2.8,76,16.0
2022-12-30,6.2,76,13.6
2022-12-31,8.6,98,13.2
2023-01-01,8.9,84,17.4
2023-01-02,7.8,83,9.0
2023-01-03,9.4,97,19.4
2023-01-04,13.0,94,18.2
2023-01-05,9.9,93,12.1
2023-01-06,6.1,86,16.3
2023-01-07,3.6,68,20.2
2023-01-08,1.3,70,13.7
2023-01-09,3.0,76,17.9
2023-01-10,2.6,68,14.6
2023-01-11,0.9,69,13.8
2023-01-12,5.2,90,21.0
2023-01-13,9.2,79,27.1
2023-01-14,0.9,56,26.3
2023-01-15,0.6,50,33.8
2023-01-16,1.5,41,26.3
2023-01-17,2.4,57,13.3
2023-01-18,6.6,78,25.5
2023-01-19,3.9,92,16.3
2023-01-20,5.3,79,30.7
2023-01-21,2.7,66,19.9
2023-01-22,1.3,80,15.8
2023-01-23,2.4,90,25.0
2023-01-24,2.2,64,27.7
2023-01-25,2.1,85,44.7
2023-01-26,7.4,69,36.0
2023-01-27,2.1,65,19.2
2023-01-28,4.3,62,23.8
2023-01-29,5.5,72,22.5
2023-01-30,6.0,83,13.2
2023-01-31,3.3,68,19.1
2023-02-01,-0.7,54,16.5
2023-02-02,-0.3,55,19.1
2023-02-03,-4.5,42,42.2
2023-02-04,-9.7,35,39.8
2023-02-05,1.3,55,19.1
2023-02-06,4.1,70,29.2
2023-02-07,0.3,71,21.6
2023-02-08,4.7,75,22.5
2023-02-09,4.6,80,20.9
2023-02-10,11.1,66,28.1
2023-02-11,3.6,54,23.5
2023-02-12,2.7,68,18.7
2023-02-13,6.5,49,23.9
2023-02-14,6.2,53,23.2
2023-02-15,10.1,62,26.9
2023-02-16,12.6,71,17.6
2023-02-17,9.6,83,33.8
2023-02-18,0.8,51,28.9
2023-02-19,3.9,71,29.8
2023-02-20,8.9,75,25.3
2023-02-21,4.3,85,17.8
2023-02-22,2.4,79,15.0
2023-02-23,4.5,88,16.1
2023-02-24,3.8,61,35.3
2023-02-25,-3.1,63,19.8
2023-02-26,2.1,72,34.7
2023-02-27,1.5,65,23.7
2023-02-28,0.9,94,24.8
2023-03-01,1.8,81,22.0
2023-03-02,6.7,79,23.2
2023-03-03,3.2,71,30.4
2023-03-04,5.3,83,38.4
2023-03-05,5.4,65,27.4
2023-03-06,5.8,58,23.1
2023-03-07,3.6,52,36.3
2023-03-08,2.8,54,34.6
2023-03-09,4.2,61,22.3
2023-03-10,3.2,77,16.8
2023-03-11,4.1,82,25.8
2023-03-12,3.3,66,19.2
2023-03-13,4.5,92,20.5
2023-03-14,2.0,77,44.3
2023-03-15,3.2,52,38.7
2023-03-16,5.4,45,19.9
2023-03-17,8.4,62,22.2
2023-03-18,7.5,58,26.1
2023-03-19,1.1,42,27.3
2023-03-20,3.1,52,17.8
2023-03-21,7.3,48,20.1
2023-03-22,7.7,66,23.1
2023-03-23,10.6,87,24.5
2023-03-24,8.6,61,19.1
2023-03-25,5.5,84,31.4
2023-03-26,9.3,62,24.5
2023-03-27,7.7,63,23.7
2023-03-28,6.5,72,21.1
2023-03-29,5.2,62,24.2
2023-03-30,3.2,47,28.5
2023-03-31,5.8,74,29.4
2023-04-01,14.7,79,26.7
2023-04-02,6.8,46,35.3
2023-04-03,7.0,66,30.9
2023-04-04,13.2,81,16.8
2023-04-05,11.6,89,20.5
2023-04-06,16.5,83,18.7
2023-04-07,11.1,41,21.9
2023-04-08,6.0,48,19.9
2023-04-09,6.3,65,24.2
2023-04-10,9.0,67,18.8
2023-04-11,14.7,40,26.0
2023-04-12,20.4,37,24.1
2023-04-13,22.0,44,20.6
2023-04-14,21.9,44,19.2
2023-04-15,17.5,84,19.5
2023-04-16,15.7,89,17.7
2023-04-17,14.3,74,24.5
2023-04-18,11.2,44,36.5
2023-04-19,10.3,51,24.5
2023-04-20,10.4,65,16.2
2023-04-21,13.0,74,23.9
2023-04-22,14.2,86,30.5
2023-04-23,14.5,74,20.6
2023-04-24,11.1,56,19.1
2023-04-25,10.3,58,13.2
2023-04-26,9.9,73,22.1
2023-04-27,10.5,83,16.8
2023-04-28,9.7,79,23.3
2023-04-29,10.6,94,30.7
2023-04-30,12.7,97,27.5
2023-05-01,12.5,63,38.6
2023-05-02,10.3,67,26.9
2023-05-03,9.4,70,14.8
2023-05-04,10.1,80,16.3
2023-05-05,11.5,78,11.9
2023-05-06,14.1,65,19.0
2023-05-07,16.3,60,22.1
2023-05-08,18.1,63,21.2
2023-05-09,14.0,54,21.7
2023-05-10,14.2,64,19.8
2023-05-11,17.7,55,21.7
2023-05-12,21.0,55,15.3
2023-05-13,21.9,48,19.7
2023-05-14,17.5,44,22.0
2023-05-15,17.4,39,18.7
2023-05-16,20.2,38,24.9
2023-05-17,15.0,41,26.4
2023-05-18,11.0,55,22.1
2023-05-19,14.8,71,33.0
2023-05-20,15.7,92,15.9
2023-05-21,17.2,67,23.0
2023-05-22,16.8,71,20.6
2023-05-23,14.4,75,21.5
2023-05-24,15.5,68,25.0
2023-05-25,14.6,55,25.9
2023-05-26,16.0,56,15.3
2023-05-27,17.1,55,20.1
2023-05-28,17.6,57,19.9
2023-05-29,18.4,60,28.5
2023-05-30,15.5,68,18.6
2023-05-31,16.0,74,15.3
2023-06-01,19.4,72,17.4
2023-06-02,22.2,63,17.1
2023-06-03,18.3,74,22.3
2023-06-04,15.4,57,25.0
2023-06-05,17.7,55,21.5
2023-06-06,19.5,49,33.9
2023-06-07,18.7,44,21.3
2023-06-08,16.7,56,19.2
2023-06-09,16.8,66,20.0
2023-06-10,19.0,63,18.1
2023-06-11,21.2,66,18.6
2023-06-12,20.9,79,27.0
2023-06-13,20.9,64,21.6
2023-06-14,18.4,73,24.1
2023-06-15,20.3,60,20.4
2023-06-16,19.1,75,18.8
2023-06-17,19.9,63,31.6
2023-06-18,21.3,55,19.2
2023-06-19,20.4,74,20.0
2023-06-20,19.4,72,21.3
2023-06-21,18.7,69,23.4
2023-06-22,18.1,72,25.0
2023-06-23,19.7,88,21.8
2023-06-24,21.5,91,16.9
2023-06-25,22.9,85,17.9
2023-06-26,21.7,90,20.3
2023-06-27,21.7,89,18.8
2023-06-28,22.8,80,13.8
2023-06-29,22.3,70,14.3
2023-06-30,22.9,74,21.1
2023-07-01,22.4,71,24.7
2023-07-02,24.4,83,20.6
2023-07-03,25.5,82,16.8
2023-07-04,24.6,84,13.2
2023-07-05,26.2,76,15.2
2023-07-06,25.9,77,20.0
2023-07-07,25.1,84,18.4
2023-07-08,25.3,84,15.2
2023-07-09,23.1,89,14.9
2023-07-10,24.2,79,17.2
2023-07-11,24.7,65,10.6
2023-07-12,26.6,62,16.3
2023-07-13,26.8,67,24.4
2023-07-14,24.3,85,20.7
2023-07-15,24.7,89,16.8
2023-07-16,23.9,93,18.2
2023-07-17,25.4,79,17.6
2023-07-18,24.9,81,17.1
2023-07-19,22.9,83,10.9
2023-07-20,24.0,77,14.9
2023-07-21,24.2,82,15.6
2023-07-22,23.5,66,15.1
2023-07-23,23.8,64,19.3
2023-07-24,24.2,68,23.1
2023-07-25,23.1,86,15.1
2023-07-26,23.8,76,20.9
2023-07-27,27.1,76,27.5
2023-07-28,27.5,74,17.3
2023-07-29,27.8,70,32.8
2023-07-30,21.9,59,19.6
2023-07-31,22.6,58,14.9
2023-08-01,21.9,55,18.9
2023-08-02,20.8,59,16.9
2023-08-03,21.5,64,30.0
2023-08-04,23.0,70,21.3
2023-08-05,24.4,67,12.9
2023-08-06,24.1,62,21.8
2023-08-07,24.1,85,31.2
2023-08-08,23.8,75,30.6
2023-08-09,24.3,57,22.4
2023-08-10,21.9,84,14.9
2023-08-11,23.3,71,20.2
2023-08-12,22.7,80,16.6
2023-08-13,25.3,75,20.8
2023-08-14,24.4,71,20.5
2023-08-15,23.9,85,17.5
2023-08-16,22.9,88,14.4
2023-08-17,22.8,89,20.3
2023-08-18,23.6,70,25.3
2023-08-19,20.6,59,21.0
2023-08-20,22.6,64,14.4
2023-08-21,24.9,69,15.1
2023-08-22,22.1,59,22.7
2023-08-23,20.3,65,18.1
2023-08-24,21.3,75,26.4
2023-08-25,23.4,83,19.7
2023-08-26,24.6,78,14.8
2023-08-27,23.1,73,13.3
2023-08-28,21.5,84,18.4
2023-08-29,22.5,82,13.5
2023-08-30,24.3,72,20.7
2023-08-31,20.5,57,22.5
2023-09-01,18.8,61,13.7
2023-09-02,19.6,71,24.2
2023-09-03,25.1,63,16.8
2023-09-04,26.8,66,18.1
2023-09-05,28.0,69,14.1
2023-09-06,28.8,64,9.4
2023-09-07,27.6,67,18.5
2023-09-08,25.1,84,16.1
2023-09-09,23.6,88,12.6
2023-09-10,21.8,92,10.7
2023-09-11,22.8,86,10.5
2023-09-12,23.0,80,11.9
2023-09-13,22.2,87,11.9
2023-09-14,20.2,68,16.9
2023-09-15,17.2,63,23.3
2023-09-16,18.9,56,22.0
2023-09-17,18.3,69,14.8
2023-09-18,18.8,90,17.3
2023-09-19,17.8,69,21.5
2023-09-20,17.1,69,14.3
2023-09-21,16.7,73,13.0
2023-09-22,17.1,74,22.6
2023-09-23,15.0,88,31.4
2023-09-24,17.1,92,31.9
2023-09-25,16.0,92,30.8
2023-09-26,15.1,81,24.6
2023-09-27,13.6,68,19.4
2023-09-28,14.2,83,17.5
2023-09-29,15.1,93,25.5
2023-09-30,16.2,85,20.4
2023-10-01,18.8,77,18.7
2023-10-02,19.7,78,16.0
2023-10-03,19.2,83,8.6
2023-10-04,20.0,84,12.6
2023-10-05,17.8,88,17.4
2023-10-06,19.7,93,15.0
2023-10-07,17.0,89,29.1
2023-10-08,12.8,61,24.5
2023-10-09,11.4,63,23.9
2023-10-10,13.3,69,19.7
2023-10-11,13.9,71,14.2
2023-10-12,13.7,74,11.0
2023-10-13,12.7,67,14.0
2023-10-14,10.4,84,16.7
2023-10-15,12.0,70,24.8
2023-10-16,11.5,77,19.9
2023-10-17,12.1,79,12.1
2023-10-18,12.1,81,8.9
2023-10-19,12.6,80,19.6
2023-10-20,15.1,92,25.7
2023-10-21,14.5,82,25.6
2023-10-22,11.4,62,27.5
2023-10-23,10.5,67,22.2
2023-10-24,10.5,79,11.9
2023-10-25,14.2,68,14.7
2023-10-26,16.9,66,14.4
2023-10-27,17.4,71,14.8
2023-10-28,20.5,72,18.7
2023-10-29,12.7,80,19.2
2023-10-30,13.7,86,25.0
2023-10-31,9.1,60,18.1
2023-11-01,6.6,68,23.3
2023-11-02,4.3,66,12.2
2023-11-03,6.4,70,17.7
2023-11-04,8.5,73,11.0
2023-11-05,10.3,73,14.8
2023-11-06,7.9,73,12.6
2023-11-07,13.9,75,20.3
2023-11-08,7.4,58,19.3
2023-11-09,9.1,79,12.0
2023-11-10,8.1,78,16.3
2023-11-11,7.2,70,18.1
2023-11-12,2.8,71,13.3
2023-11-13,3.1,72,13.6
2023-11-14,6.0,71,27.9
2023-11-15,4.9,77,14.7
2023-11-16,8.7,73,10.5
2023-11-17,11.5,78,18.5
2023-11-18,9.9,69,25.9
2023-11-19,6.0,60,20.9
2023-11-20,3.1,58,18.7
2023-11-21,3.8,71,29.8
2023-11-22,11.1,84,38.3
2023-11-23,7.9,67,20.9
2023-11-24,5.1,62,22.7
2023-11-25,0.4,64,15.8
2023-11-26,4.2,82,34.3
2023-11-27,7.4,74,37.6
2023-11-28,0.8,44,28.9
2023-11-29,-1.3,53,21.0
2023-11-30,2.9,59,17.6
2023-12-01,4.9,82,14.3
2023-12-02,8.7,92,16.3
2023-12-03,8.5,98,19.1
2023-12-04,7.2,77,21.0
2023-12-05,3.8,67,14.7
2023-12-06,1.4,69,22.3
2023-12-07,0.1,74,17.5
2023-12-08,2.9,84,11.0
2023-12-09,6.6,91,12.0
2023-12-10,11.7,94,29.2
2023-12-11,5.8,73,35.1
2023-12-12,2.1,63,18.1
2023-12-13,2.9,61,18.2
2023-12-14,0.4,62,13.1
2023-12-15,4.4,65,16.6
2023-12-16,6.0,71,12.6
2023-12-17,9.4,91,23.0
2023-12-18,11.5,84,53.5
2023-12-19,2.8,58,24.0
2023-12-20,1.2,59,16.4
2023-12-21,0.8,58,20.9
2023-12-22,-2.2,60,13.1
2023-12-23,0.6,84,9.7
2023-12-24,4.2,92,7.6
2023-12-25,5.8,90,8.6
2023-12-26,4.7,97,7.3
2023-12-27,6.8,97,16.1
2023-12-28,9.8,94,23.8
2023-12-29,9.4,82,18.1
2023-12-30,5.3,68,26.6
2023-12-31,2.7,69,15.9
2024-01-01,3.4,74,14.3
2024-01-02,-0.1,72,13.7
2024-01-03,1.3,72,14.4
2024-01-04,1.9,65,26.9
2024-01-05,-1.9,60,20.5
2024-01-06,-1.2,87,29.1
2024-01-07,1.4,92,27.0
2024-01-08,1.4,72,20.1
2024-01-09,3.1,90,57.3
2024-01-10,9.1,68,48.6
2024-01-11,4.4,63,22.9
2024-01-12,3.9,76,22.1
2024-01-13,9.0,69,34.2
2024-01-14,0.1,47,36.4
2024-01-15,-3.6,47,11.4
2024-01-16,-2.9,83,23.2
2024-01-17,-6.6,50,23.8
2024-01-18,-3.6,52,17.1
2024-01-19,-2.6,73,16.5
2024-01-20,-6.2,52,26.2
2024-01-21,-5.1,52,23.6
2024-01-22,-2.6,56,17.6
2024-01-23,0.9,69,18.8
2024-01-24,2.7,96,10.5
2024-01-25,8.7,97,21.2
2024-01-26,6.1,95,15.7
2024-01-27,5.2,85,13.0
2024-01-28,3.3,95,28.8
2024-01-29,2.8,74,27.6
2024-01-30,0.3,72,12.1
2024-01-31,2.1,76,11.2
2024-02-01,2.2,82,19.8
2024-02-02,3.7,85,22.6
2024-02-03,1.0,57,24.2
2024-02-04,0.8,60,14.8
2024-02-05,0.8,52,28.2
2024-02-06,-0.4,53,19.1
2024-02-07,1.5,60,12.7
2024-02-08,2.0,72,10.5
2024-02-09,5.1,84,14.9
2024-02-10,8.2,82,16.6
2024-02-11,6.7,73,15.6
2024-02-12,3.9,72,11.3
2024-02-13,0.8,82,25.6
2024-02-14,-2.0,61,25.7
2024-02-15,-1.1,56,22.3
2024-02-16,1.2,55,31.2
2024-02-17,-1.1,72,21.7
2024-02-18,-2.0,58,29.4
2024-02-19,-0.4,51,20.8
2024-02-20,-2.8,54,13.1
2024-02-21,-1.2,73,15.0
2024-02-22,0.9,83,19.8
2024-02-23,4.4,92,12.8
2024-02-24,2.2,57,21.4
2024-02-25,-2.3,56,16.2
2024-02-26,3.3,76,13.5
2024-02-27,7.6,85,26.1
2024-02-28,13.5,89,34.2
2024-02-29,0.9,43,30.7
2024-03-01,0.7,58,20.3
2024-03-02,6.5,92,26.5
2024-03-03,11.5,80,15.8
2024-03-04,8.1,87,21.8
2024-03-05,6.4,96,20.1
2024-03-06,7.0,95,20.6
2024-03-07,9.6,79,28.0
2024-03-08,5.9,66,21.6
2024-03-09,5.2,85,33.5
2024-03-10,7.2,71,30.6
2024-03-11,4.9,41,45.9
2024-03-12,9.2,51,21.5
2024-03-13,8.6,72,15.0
2024-03-14,11.5,67,15.8
2024-03-15,14.8,60,24.1
2024-03-16,9.2,67,20.7
2024-03-17,10.8,56,28.8
2024-03-18,6.6,44,20.6
2024-03-19,3.5,51,27.8
2024-03-20,5.8,60,30.7
2024-03-21,0.7,40,30.3
2024-03-22,0.8,55,18.9
2024-03-23,5.7,89,33.3
2024-03-24,2.5,43,33.5
2024-03-25,3.9,52,22.1
2024-03-26,5.5,62,18.8
2024-03-27,7.3,79,11.2
2024-03-28,8.4,94,18.5
2024-03-29,7.3,44,34.5
2024-03-30,8.0,52,24.3
2024-03-31,10.4,61,20.3
2024-04-01,8.4,77,13.2
2024-04-02,7.2,92,20.7
2024-04-03,5.7,90,39.8
2024-04-04,5.6,76,38.8
2024-04-05,5.3,62,28.5
2024-04-06,6.8,58,27.9
2024-04-07,7.0,60,24.1
2024-04-08,8.8,66,14.2
2024-04-09,14.0,62,18.2
2024-04-10,12.1,79,16.6
2024-04-11,12.3,90,29.4
2024-04-12,15.5,76,39.0
2024-04-13,9.5,63,35.3
2024-04-14,14.1,50,23.8
2024-04-15,18.1,62,24.6
2024-04-16,14.2,49,18.5
2024-04-17,10.6,72,18.4
2024-04-18,8.5,84,25.0
2024-04-19,8.5,79,20.4
2024-04-20,12.8,65,28.8
2024-04-21,7.5,51,23.0
2024-04-22,8.6,53,17.0
2024-04-23,9.2,60,27.8
2024-04-24,13.4,54,32.0
2024-04-25,7.6,53,22.0
2024-04-26,7.9,67,19.2
2024-04-27,9.0,63,27.1
2024-04-28,15.2,75,16.3
2024-04-29,19.7,80,15.5
2024-04-30,15.4,82,14.6
2024-05-01,15.3,79,19.8
2024-05-02,18.3,69,22.7
2024-05-03,13.5,71,19.2
2024-05-04,11.4,77,21.2
2024-05-05,10.5,88,23.7
2024-05-06,16.7,88,11.6
2024-05-07,19.0,61,15.2
2024-05-08,22.9,63,26.6
2024-05-09,17.4,61,16.6
2024-05-10,10.5,83,19.7
2024-05-11,11.3,72,19.8
2024-05-12,10.4,79,14.8
2024-05-13,12.8,79,23.6
2024-05-14,16.2,80,21.3
2024-05-15,15.6,89,26.0
2024-05-16,16.4,86,31.4
2024-05-17,17.3,75,18.3
2024-05-18,16.5,78,15.7
2024-05-19,16.6,80,19.7
2024-05-20,16.3,82,19.0
2024-05-21,19.1,82,17.0
2024-05-22,21.9,73,22.8
2024-05-23,22.6,75,16.1
2024-05-24,22.5,61,15.5
2024-05-25,19.5,66,17.5
2024-05-26,19.9,87,16.0
2024-05-27,19.1,95,26.5
2024-05-28,21.9,69,26.7
2024-05-29,18.9,72,17.6
2024-05-30,17.5,67,21.7
2024-05-31,18.5,47,20.4
2024-06-01,20.7,45,16.0
2024-06-02,21.0,56,21.3
2024-06-03,23.6,63,15.2
2024-06-04,20.7,77,18.4
2024-06-05,20.2,87,23.6
2024-06-06,23.0,86,32.8
2024-06-07,23.0,62,23.4
2024-06-08,20.3,56,26.3
2024-06-09,20.3,60,27.0
2024-06-10,19.3,55,17.7
2024-06-11,18.8,68,11.4
2024-06-12,19.8,68,18.0
2024-06-13,21.7,66,31.2
2024-06-14,23.1,76,15.5
2024-06-15,21.7,62,22.6
2024-06-16,19.1,62,18.6
2024-06-17,22.7,72,25.8
2024-06-18,25.0,68,24.4
2024-06-19,24.9,64,25.0
2024-06-20,26.3,61,21.3
2024-06-21,27.8,59,21.2
2024-06-22,27.0,73,16.7
2024-06-23,29.2,61,26.7
2024-06-24,25.2,53,39.0
2024-06-25,26.3,41,23.7
2024-06-26,28.3,53,28.0
2024-06-27,25.1,61,19.2
2024-06-28,20.1,50,21.6
2024-06-29,23.0,77,34.1
2024-06-30,26.2,83,24.0
2024-07-01,21.8,60,24.7
2024-07-02,22.7,53,15.5
2024-07-03,22.7,57,27.9
2024-07-04,24.7,67,19.7
2024-07-05,26.8,80,18.2
2024-07-06,28.0,76,16.6
2024-07-07,27.8,71,15.9
2024-07-08,26.9,77,15.3
2024-07-09,26.9,81,24.9
2024-07-10,28.0,75,34.5
2024-07-11,28.0,65,28.2
2024-07-12,25.1,77,19.9
2024-07-13,25.3,83,17.1
2024-07-14,27.0,75,15.9
2024-07-15,28.7,70,20.8
2024-07-16,28.8,64,24.5
2024-07-17,27.3,78,18.3
2024-07-18,25.6,67,13.7
2024-07-19,23.7,54,15.6
2024-07-20,24.0,66,17.6
2024-07-21,25.9,65,21.6
2024-07-22,24.6,78,20.7
2024-07-23,24.5,83,8.5
2024-07-24,24.5,84,14.9
2024-07-25,25.0,71,16.3
2024-07-26,23.8,50,21.1
2024-07-27,24.3,57,15.0
2024-07-28,24.4,61,23.1
2024-07-29,24.9,75,17.9
2024-07-30,26.2,74,28.8
2024-07-31,26.0,79,18.2
2024-08-01,27.6,71,16.9
2024-08-02,27.2,78,21.6
2024-08-03,26.8,81,19.5
2024-08-04,24.5,88,14.3
2024-08-05,26.6,70,19.8
2024-08-06,25.8,81,15.9
2024-08-07,21.1,87,21.2
2024-08-08,20.6,89,24.3
2024-08-09,24.7,89,44.3
2024-08-10,25.2,72,18.2
2024-08-11,23.1,61,19.7
2024-08-12,21.8,65,20.4
2024-08-13,21.5,65,14.7
2024-08-14,22.9,66,15.8
2024-08-15,23.9,66,11.6
2024-08-16,24.0,73,18.4
2024-08-17,23.3,85,24.3
2024-08-18,22.8,90,25.1
2024-08-19,22.8,86,19.8
2024-08-20,19.0,60,22.7
2024-08-21,17.8,60,20.9
2024-08-22,18.8,63,19.2
2024-08-23,20.5,67,14.0
2024-08-24,22.0,66,14.8
2024-08-25,22.9,66,17.3
2024-08-26,23.2,70,22.7
2024-08-27,23.2,76,20.2
2024-08-28,27.1,69,15.9
2024-08-29,23.2,73,19.1
2024-08-30,20.6,74,18.1
2024-08-31,21.7,81,17.7
2024-09-01,24.2,80,19.8
2024-09-02,21.7,57,19.9
2024-09-03,17.7,54,17.1
2024-09-04,18.3,64,14.0
2024-09-05,18.8,70,17.4
2024-09-06,19.9,78,17.7
2024-09-07,19.7,82,25.2
2024-09-08,16.4,59,21.0
2024-09-09,17.9,52,20.9
2024-09-10,19.4,58,14.5
2024-09-11,18.4,66,12.7
2024-09-12,19.4,79,16.3
2024-09-13,19.8,77,13.7
2024-09-14,21.7,75,14.0
2024-09-15,20.8,72,19.1
2024-09-16,18.8,76,14.4
2024-09-17,20.0,78,18.1
2024-09-18,20.6,76,17.5
2024-09-19,22.7,62,17.3
2024-09-20,21.9,70,20.3
2024-09-21,20.2,65,18.1
2024-09-22,18.7,67,17.2
2024-09-23,17.2,65,16.9
2024-09-24,17.3,66,17.2
2024-09-25,17.8,71,20.8
2024-09-26,20.3,90,17.7
2024-09-27,20.3,82,15.4
2024-09-28,17.8,85,19.8
2024-09-29,17.1,83,17.8
2024-09-30,18.0,75,18.5
2024-10-01,17.5,74,16.5
2024-10-02,16.3,77,14.3
2024-10-03,17.8,77,15.1
2024-10-04,17.4,83,16.9
2024-10-05,18.6,69,18.0
2024-10-06,15.9,73,17.2
2024-10-07,18.5,66,19.7
2024-10-08,15.4,55,16.7
2024-10-09,14.9,55,22.2
2024-10-10,12.2,54,21.3
2024-10-11,13.4,57,18.9
2024-10-12,17.4,46,24.0
2024-10-13,16.6,61,16.4
2024-10-14,13.5,67,36.2
2024-10-15,9.7,56,20.6
2024-10-16,9.8,54,22.0
2024-10-17,9.3,57,23.1
2024-10-18,12.1,49,20.4
2024-10-19,13.0,58,11.5
2024-10-20,14.2,57,11.0
2024-10-21,17.3,53,13.6
2024-10-22,18.8,63,12.5
2024-10-23,17.6,65,17.8
2024-10-24,16.2,55,25.8
2024-10-25,11.8,53,15.8
2024-10-26,13.4,47,24.8
2024-10-27,9.6,48,18.6
2024-10-28,9.2,61,15.1
2024-10-29,12.7,81,24.0
2024-10-30,17.2,74,13.9
2024-10-31,19.8,66,22.2
2024-11-01,21.0,50,30.4
2024-11-02,12.1,50,20.3
2024-11-03,7.4,49,14.5
2024-11-04,9.0,71,19.2
2024-11-05,15.5,78,21.3
2024-11-06,20.8,66,22.8
2024-11-07,18.0,65,21.3
2024-11-08,13.4,54,27.6
2024-11-09,8.6,40,23.5
2024-11-10,8.7,65,20.4
2024-11-11,15.7,72,25.7
2024-11-12,9.6,50,26.9
2024-11-13,5.0,45,13.6
2024-11-14,4.6,53,9.6
2024-11-15,8.2,51,14.5
2024-11-16,10.5,39,16.6
2024-11-17,11.2,40,14.5
2024-11-18,12.4,51,14.0
2024-11-19,10.7,51,13.1
2024-11-20,11.7,59,11.5
2024-11-21,8.5,91,17.5
2024-11-22,3.4,89,24.8
2024-11-23,5.6,78,25.4
2024-11-24,8.0,63,22.3
2024-11-25,6.6,70,10.7
2024-11-26,10.6,76,15.4
2024-11-27,5.8,69,9.6
2024-11-28,6.7,85,20.0
2024-11-29,3.8,72,18.4
2024-11-30,0.3,59,16.9
2024-12-01,-1.1,58,17.9
2024-12-02,-0.5,64,10.5
2024-12-03,0.7,66,11.8
2024-12-04,0.1,65,15.8
2024-12-05,2.2,68,27.3
2024-12-06,-1.2,57,18.7
2024-12-07,0.5,59,13.9
2024-12-08,5.5,55,19.6
2024-12-09,5.4,86,11.6
2024-12-10,8.0,96,13.2
2024-12-11,12.8,94,24.0
2024-12-12,1.5,55,25.1
2024-12-13,-2.5,58,11.3
2024-12-14,-2.8,59,8.3
2024-12-15,-1.3,71,10.0
2024-12-16,5.4,95,12.5
2024-12-17,10.7,83,15.8
2024-12-18,6.2,80,10.9
2024-12-19,4.3,71,15.0
2024-12-20,0.8,81,14.6
2024-12-21,-2.7,75,19.9
2024-12-22,-9.2,62,14.5
2024-12-23,-10.3,64,9.2
2024-12-24,-1.8,81,10.5
2024-12-25,-3.0,82,10.2
2024-12-26,-5.1,72,8.3
2024-12-27,-3.9,80,6.2
2024-12-28,3.9,96,6.7
2024-12-29,9.4,93,22.4
2024-12-30,11.3,77,25.5
2024-12-31,6.1,78,12.2
2025-01-01,7.3,81,23.2
2025-01-02,2.5,56,25.1
2025-01-03,0.3,59,17.1
2025-01-04,-1.5,51,26.1
2025-01-05,-2.3,52,19.9
2025-01-06,-2.4,74,16.7
2025-01-07,-5.3,62,29.9
2025-01-08,-4.4,49,25.4
2025-01-09,-4.3,53,29.0
2025-01-10,-1.0,55,22.5
2025-01-11,-1.3,72,17.3
2025-01-12,0.5,66,14.9
2025-01-13,1.2,64,18.3
2025-01-14,-1.8,50,21.1
2025-01-15,-3.5,49,23.7
2025-01-16,-3.3,57,10.7
2025-01-17,-0.8,66,10.8
2025-01-18,2.7,80,14.9
2025-01-19,0.6,90,18.3
2025-01-20,-7.2,65,16.3
2025-01-21,-11.5,62,10.0
2025-01-22,-11.9,54,11.0
2025-01-23,-8.7,53,8.3
2025-01-24,-6.4,64,10.7
2025-01-25,-7.1,68,11.6
2025-01-26,-1.1,64,15.9
2025-01-27,-1.4,59,17.7
2025-01-28,0.5,53,23.3
2025-01-29,4.0,52,23.3
2025-01-30,-2.1,52,15.5
2025-01-31,3.5,90,13.5
2025-02-01,0.6,68,19.4
2025-02-02,-4.6,57,11.7
2025-02-03,1.8,85,12.8
2025-02-04,3.5,67,23.0
2025-02-05,-1.5,54,14.5
2025-02-06,1.0,88,14.1
2025-02-07,1.3,64,25.7
2025-02-08,-1.9,59,10.1
2025-02-09,-0.2,86,13.1
2025-02-10,-2.2,70,12.9
2025-02-11,-4.3,76,5.7
2025-02-12,-0.8,88,13.0
2025-02-13,3.3,89,19.4
2025-02-14,-1.2,55,19.2
2025-02-15,-1.1,67,12.7
2025-02-16,2.8,95,28.7
2025-02-17,-1.6,51,27.2
2025-02-18,-5.4,35,20.5
2025-02-19,-5.3,46,16.5
2025-02-20,-4.9,57,19.3
2025-02-21,-4.0,55,20.6
2025-02-22,-2.3,57,15.0
2025-02-23,2.4,56,11.7
2025-02-24,3.3,67,17.4
2025-02-25,7.0,67,12.9
2025-02-26,7.1,67,19.1
2025-02-27,8.4,78,14.8
2025-02-28,6.0,56,17.8
2025-03-01,6.9,50,26.3
2025-03-02,-3.5,38,19.2
2025-03-03,-1.7,43,13.0
2025-03-04,4.7,57,13.1
2025-03-05,9.6,80,28.0
2025-03-06,9.5,70,25.2
2025-03-07,3.7,45,30.4
2025-03-08,3.5,49,22.7
